,A.3 Total Costs,A.3 Total Costs,A.3 Total Costs,A.3 Total Costs,A.3 Total Costs,A.3_Expected Number of Deaths,A.3_Expected Number of Deaths,A.3_Expected Number of Deaths,A.3_Expected Number of Deaths,A.3_Expected Number of Deaths,RfR Total Costs,RfR Total Costs,RfR Total Costs,RfR Total Costs,RfR Total Costs,Expected Evacuation Costs,Expected Evacuation Costs,Expected Evacuation Costs,Expected Evacuation Costs,Expected Evacuation Costs
,mean,min,max,q05,q95,mean,min,max,q05,q95,mean,min,max,q05,q95,mean,min,max,q05,q95
policy,,,,,,,,,,,,,,,,,,,,
Policy_Rijkswaterstaat,44215020.369581826,44215020.369581826,44215020.369581826,44215020.369581826,44215020.369581826,0.0,0.0,0.0,0.0,0.0,504600000.0,504600000.0,504600000.0,504600000.0,504600000.0,18753.52052838647,510.4215978552678,83918.77453494535,1268.0994222131499,67051.77558267805
Policy_Rijkswaterstaat+A.3RfR,44215020.369581826,44215020.369581826,44215020.369581826,44215020.369581826,44215020.369581826,0.0,0.0,0.0,0.0,0.0,625800000.0,625800000.0,625800000.0,625800000.0,625800000.0,17059.185658820676,321.04204200314547,83374.23509540952,1044.4952059731302,64806.82409001696
Policy_Zero,462481898.42039835,0.0,2390040028.2983,0.0,2150191262.5639257,0.8109676204811685,0.0,3.6103092931300296,0.0,3.542108516317029,0.0,0.0,0.0,0.0,0.0,0.0,0.0,0.0,0.0,0.0
